Ticker,Company
ACU.AX,Acumentis Group Limited
AGL.AX,AGL Energy Limited
AHE.AX,Adheris Health Limited
AIQ.AX,Alternative Investment Trust
AMS.AX,Atomos Limited
ANZ.AX,ANZ Group Holdings Limited
APW.AX,Aims Property Securities Fund
AQZ.AX,Alliance Aviation Services Limited
AVD.AX,AVADA Group Limited
BFL.AX,BSP Financial Group Limited
BHP.AX,BHP Group Limited
BNL.AX,Blue Star Helium Limited
BPH.AX,BPH Energy Limited
CAN.AX,Cann Group Limited
CCG.AX,Comms Group Limited
CLG.AX,Close the Loop Ltd
CLZ.AX,Classic Minerals Limited
COL.AX,Coles Group Limited
DAI.AX,Decidr AI Industries Ltd
DGT.AX,DIGICO INF STAPLED [DGT]
DTI.AX,DTI Group Limited
EDV.AX,Endeavour Group Limited
ENN.AX,Elanor Investors Group
EVN.AX,Evolution Mining Limited
EWC.AX,Energy World Corporation Ltd
FCG.AX,Freedom Care Group Holdings Limited
GTN.AX,GTN Limited
GYG.AX,Guzman y Gomez (Holdings) Ltd
ILA.AX,Island Pharmaceuticals Limited
INV.AX,InvestSMART Group Limited
KNM.AX,KNeoMedia Limited
KSL.AX,Kina Securities Limited
LSX.AX,Lion Selection Group Limited
MCP.AX,McPherson's Limited
MFD.AX,Mayfield Childcare Limited
MSI.AX,Multistack International Limited
MTS.AX,Metcash Limited
NOU.AX,Noumi Limited
NTD.AX,NTAW Holdings Limited
PTL.AX,Prestal Holdings Limited
QAN.AX,Qantas Airways Limited
QBE.AX,QBE Insurance Group Limited
RPM.AX,RPM Automotive Group Limited
SFX.AX,Sheffield Resources Limited
SPK.AX,Spark New Zealand Limited
STP.AX,Step One Clothing Limited
TIA.AX,Tian An Australia Limited
VEN.AX,Vintage Energy Limited
VGN.AX,Virgin Australia Holdings Ltd
VMT.AX,Vmoto Limited
X2M.AX,X2M Connect Limited
